{
  "loss": 0.21646771132946013,
  "recon_loss": 0.13272687494754792,
  "rate_loss": 0.0,
  "balance_loss": 1.975324698832992e-06,
  "align_loss": 0.08373886197805405,
  "estimated_bpb": 5.186661974339314,
  "byte_accuracy": 0.9860476729003989,
  "bit_density": 0.5083437080951834,
  "raw_capacity_bpb": 8.0,
  "train_samples": 20,
  "val_samples": 20,
  "best_epoch": 40,
  "avg_epoch_seconds": 0.2843613224948058
}