{
  "loss": 0.5442269444465637,
  "perplexity": 1.7232756614685059,
  "train_samples": 288,
  "val_samples": 32,
  "vocab_size": 230
}